DFT_Frequency_cm,ML_Frequency_cm,Freq_Difference_cm,Percent_Error,DFT_Intensity_km_mol,ML_Intensity_km_mol,Intensity_Difference
220.9500,211.1180,-9.8320,-4.4499,0.0000,0.0000,0.0000
266.6200,259.9730,-6.6470,-2.4931,0.0014,0.2660,0.2646
361.7340,370.3030,8.5690,2.3689,0.1548,0.1499,-0.0049
439.0890,419.9180,-19.1710,-4.3661,0.0018,0.0001,-0.0016
473.9580,454.8500,-19.1080,-4.0316,0.1525,0.0061,-0.1464
528.2000,513.2710,-14.9290,-2.8264,0.0001,0.0006,0.0005
582.9910,581.2820,-1.7090,-0.2931,0.0000,0.0000,0.0000
632.6050,634.1270,1.5220,0.2406,0.0265,0.0377,0.0112
722.3940,745.8900,23.4960,3.2525,5.0080,5.4928,0.4848
725.9600,742.9040,16.9440,2.3340,0.0011,0.0019,0.0008
850.4030,875.3400,24.9370,2.9324,1.1901,0.0672,-1.1229
864.8510,900.6360,35.7850,4.1377,0.0000,0.0000,0.0000
884.4390,920.3430,35.9040,4.0595,2.1375,0.3197,-1.8178
943.0400,959.2250,16.1850,1.7163,0.2379,0.0310,-0.2069
988.4760,1006.3510,17.8750,1.8083,0.0037,0.0199,0.0161
1034.5210,1059.5150,24.9940,2.4160,0.5153,5.6445,5.1292
1071.9190,1087.3270,15.4080,1.4374,0.0000,0.0000,0.0000
1083.1220,1115.1300,32.0080,2.9552,0.0471,0.0058,-0.0413
1087.3190,1114.5460,27.2270,2.5040,0.1029,0.0028,-0.1001
1106.5660,1153.7430,47.1770,4.2634,1.4386,4.7403,3.3017
1106.9920,1133.6030,26.6110,2.4039,0.0356,0.0309,-0.0047
1113.6570,1133.6700,20.0130,1.7971,0.6415,0.0584,-0.5831
1132.5490,1183.8450,51.2960,4.5293,0.3224,0.0655,-0.2569
1134.3130,1164.1040,29.7910,2.6263,0.0243,0.0020,-0.0223
1154.5100,1184.5060,29.9960,2.5982,0.0000,0.0000,0.0000
1209.9150,1243.2060,33.2910,2.7515,0.0008,0.3113,0.3106
1225.1750,1269.9520,44.7770,3.6547,0.0000,0.0000,0.0000
1231.8280,1282.8240,50.9960,4.1399,0.0000,0.0000,0.0000
1246.5860,1291.5530,44.9670,3.6072,0.1305,0.8617,0.7313
1257.0610,1272.3740,15.3130,1.2182,0.0009,0.0456,0.0446
1271.5770,1332.2250,60.6480,4.7695,5.8382,6.9304,1.0922
1302.6720,1322.4050,19.7330,1.5148,0.0000,0.0000,0.0000
1314.2290,1374.7390,60.5100,4.6042,3.6633,37.6763,34.0130
1324.2630,1387.3810,63.1180,4.7663,1.2639,1.4967,0.2329
1327.2640,1364.0460,36.7820,2.7713,0.0000,0.0000,0.0000
1351.8580,1393.1670,41.3090,3.0557,0.2175,0.3467,0.1292
1368.8160,1439.3770,70.5610,5.1549,0.2164,1.8885,1.6721
1370.0710,1411.4790,41.4080,3.0223,1.6227,0.1159,-1.5068
1374.9140,1444.8410,69.9270,5.0859,0.0000,0.0000,0.0000
1384.9980,1450.7410,65.7430,4.7468,1.6219,0.0067,-1.6153
1392.4940,1460.9780,68.4840,4.9181,11.1627,0.1617,-11.0010
1395.3320,1429.3180,33.9860,2.4357,0.3359,0.2002,-0.1358
1398.8690,1441.6690,42.8000,3.0596,0.1570,0.0951,-0.0619
1400.9630,1469.5570,68.5940,4.8962,3.5971,4.0394,0.4422
1451.1750,1492.9040,41.7290,2.8755,0.0000,0.2370,0.2370
1452.4420,1500.3320,47.8900,3.2972,0.0382,0.2839,0.2457
1467.9340,1524.5280,56.5940,3.8554,0.0305,0.0801,0.0496
1494.1930,1544.0360,49.8430,3.3358,0.0033,0.0000,-0.0033
1494.6590,1554.6040,59.9450,4.0106,0.2097,0.6493,0.4396
1496.4570,1540.4680,44.0110,2.9410,0.0255,0.0474,0.0219
1533.0110,1584.9250,51.9140,3.3864,0.0098,0.0020,-0.0079
1540.1350,1593.2860,53.1510,3.4511,0.0000,0.0000,0.0000
1545.2270,1598.3590,53.1320,3.4385,0.0000,0.0000,0.0000
1571.0950,1619.6030,48.5080,3.0875,0.0056,0.1581,0.1524
1578.3130,1633.6230,55.3100,3.5044,0.0000,0.0000,0.0000
1591.8450,1653.0890,61.2440,3.8474,0.0333,1.1826,1.1493
1591.8690,1648.7140,56.8450,3.5710,0.0312,0.0958,0.0645
1592.3220,1658.6700,66.3480,4.1667,0.0000,0.0000,0.0000
1595.8370,1655.5790,59.7420,3.7436,0.0000,0.0000,0.0000
1597.0790,1656.9950,59.9160,3.7516,0.3401,0.4354,0.0952
1606.0680,1661.8350,55.7670,3.4723,0.1275,0.0531,-0.0744
1608.0420,1667.2830,59.2410,3.6840,0.0000,0.0000,0.0000
1613.0120,1671.1270,58.1150,3.6029,0.0001,0.3369,0.3368
1619.2440,1677.4190,58.1750,3.5927,0.0000,0.0000,0.0000
1635.4180,1703.5390,68.1210,4.1654,0.3698,0.1025,-0.2673
1637.7080,1707.4500,69.7420,4.2585,0.0245,0.1792,0.1547
1641.3820,1704.7090,63.3270,3.8582,0.0598,0.2542,0.1945
1651.7560,1710.6790,58.9230,3.5673,0.0000,0.0000,0.0000
1659.9590,1721.2430,61.2840,3.6919,0.2945,0.2825,-0.0120
1665.4250,1726.5590,61.1340,3.6708,0.0941,0.0812,-0.0129
1673.0960,1743.4640,70.3680,4.2059,0.0459,0.1156,0.0697
1686.6690,1758.4950,71.8260,4.2585,0.0701,0.2593,0.1892
1697.3030,1747.8760,50.5730,2.9796,0.0033,0.0348,0.0315
1714.5260,1775.4390,60.9130,3.5528,0.0000,0.0000,0.0000
1729.9210,1802.3360,72.4150,4.1860,0.0292,0.0496,0.0204
1732.1230,1816.4180,84.2950,4.8666,0.0000,0.3498,0.3498
1734.1620,1795.7550,61.5930,3.5517,0.0345,0.0614,0.0269
1737.8680,1816.2210,78.3530,4.5086,0.0000,0.0000,0.0000
1747.1110,1821.1720,74.0610,4.2391,0.0111,0.0101,-0.0010
1751.8420,1824.5050,72.6630,4.1478,0.0010,0.0154,0.0144
1754.4700,1831.4450,76.9750,4.3874,0.0639,0.0547,-0.0092
1758.5570,1807.3510,48.7940,2.7747,0.0000,0.0000,0.0000
1759.9410,1836.1010,76.1600,4.3274,0.0920,0.4470,0.3550
1768.5900,1841.6090,73.0190,4.1287,0.0147,0.0761,0.0614
1829.0350,1900.2380,71.2030,3.8929,0.0046,0.0024,-0.0022
1851.1840,1926.1040,74.9200,4.0471,0.7027,0.2284,-0.4744
1879.6380,1931.0450,51.4070,2.7349,0.0140,1.1778,1.1638
1897.6700,1958.8240,61.1540,3.2226,0.0293,0.0726,0.0433
1917.5430,1979.2140,61.6710,3.2161,0.0069,0.0001,-0.0068
1953.5880,2028.5920,75.0040,3.8393,0.0034,0.7661,0.7627
1953.9710,2026.4780,72.5070,3.7108,0.0874,0.0725,-0.0149
1971.9900,2054.8610,82.8710,4.2024,0.0000,0.0000,0.0000
1982.9980,2057.5910,74.5930,3.7616,0.0862,0.0100,-0.0763
1987.1580,2070.8640,83.7060,4.2123,0.3331,0.0994,-0.2337
1995.2770,2082.6160,87.3390,4.3773,0.1265,0.0270,-0.0996
1997.1090,2080.6620,83.5530,4.1837,0.0000,0.0000,0.0000
2018.0380,2104.9610,86.9230,4.3073,0.0000,0.0000,0.0000
2033.9600,2119.5400,85.5800,4.2076,0.0000,0.0000,0.0000
2046.3730,2133.2780,86.9050,4.2468,0.2262,0.2620,0.0357
2061.2220,2112.4750,51.2530,2.4865,0.0001,0.0000,-0.0001
2080.7470,2191.3910,110.6440,5.3175,0.2930,0.3085,0.0155
2080.9730,2157.2820,76.3090,3.6670,0.0000,0.0000,0.0000
2095.5530,2188.6140,93.0610,4.4409,0.0214,0.3957,0.3744
2095.8140,2182.9210,87.1070,4.1562,0.0791,0.2054,0.1262
2106.1530,2195.6040,89.4510,4.2471,0.0000,0.0000,0.0000
2113.9870,2205.7880,91.8010,4.3426,0.0138,0.0228,0.0090
2115.6040,2203.3340,87.7300,4.1468,0.0105,0.0531,0.0426
2118.7880,2210.5290,91.7410,4.3299,0.0038,0.1274,0.1235
2122.2850,2206.8700,84.5850,3.9856,0.0141,0.0785,0.0644
2137.1820,2232.3410,95.1590,4.4525,0.0358,0.0295,-0.0063
2137.5510,2210.0140,72.4630,3.3900,0.0201,0.0068,-0.0133
2156.9070,2252.5430,95.6360,4.4339,0.0011,0.0854,0.0843
2158.2510,2245.8890,87.6380,4.0606,0.3194,0.0599,-0.2595
2165.6090,2241.8490,76.2400,3.5205,0.0000,0.0000,0.0000
2171.9220,2260.3930,88.4710,4.0734,0.0050,0.2417,0.2368
2175.0860,2273.0450,97.9590,4.5037,0.0700,0.0133,-0.0567
2187.7410,2286.9270,99.1860,4.5337,0.0000,0.0000,0.0000
2193.8030,2292.2990,98.4960,4.4897,0.1887,0.0029,-0.1858
2206.7400,2306.2200,99.4800,4.5080,0.0003,0.0302,0.0299
2210.3830,2305.0550,94.6720,4.2831,0.0134,0.0009,-0.0125
2220.1940,2321.2830,101.0890,4.5532,0.0149,0.0118,-0.0030
2224.4520,2319.4400,94.9880,4.2702,0.0000,0.0000,0.0000
2233.7940,2324.6610,90.8670,4.0678,0.0136,0.1019,0.0884
2234.4430,2346.6020,112.1590,5.0196,0.0000,0.0000,0.0000
2238.6450,2344.4110,105.7660,4.7246,0.1508,0.0141,-0.1367
2238.9400,2337.3340,98.3940,4.3947,0.0006,0.0001,-0.0004
2241.7760,2335.2410,93.4650,4.1692,0.0005,0.0090,0.0084
2247.0820,2348.7290,101.6470,4.5235,0.0418,0.1474,0.1057
2248.2730,2341.4070,93.1340,4.1425,0.0247,0.0000,-0.0247
2254.1210,2365.6040,111.4830,4.9457,0.1413,0.0164,-0.1249
2254.5910,2358.7110,104.1200,4.6181,0.0502,0.4138,0.3636
2256.5180,2362.3520,105.8340,4.6901,0.0544,0.0505,-0.0039
2260.8140,2335.9270,75.1130,3.3224,0.0000,0.0026,0.0026
2262.2730,2366.1030,103.8300,4.5896,0.0000,0.0000,0.0000
2263.2270,2365.7970,102.5700,4.5320,0.0021,0.0002,-0.0020
2268.0270,2369.4220,101.3950,4.4706,0.0000,0.0355,0.0355
2274.1960,2378.5630,104.3670,4.5892,0.0000,0.0000,0.0000
2280.9540,2385.2450,104.2910,4.5723,0.0236,1.1548,1.1312
2304.0620,2388.4720,84.4100,3.6635,0.0471,0.0765,0.0294
2337.6660,2436.0440,98.3780,4.2084,0.0000,0.0000,0.0000
2341.5600,2429.7330,88.1730,3.7656,0.0041,0.0450,0.0409
2356.3630,2445.0450,88.6820,3.7635,0.1391,0.2454,0.1063
2363.4780,2465.7390,102.2610,4.3267,0.1288,0.6578,0.5291
2379.4180,2486.2110,106.7930,4.4882,0.2474,0.2110,-0.0364
2405.2450,2506.4860,101.2410,4.2092,0.0691,0.4851,0.4159
2405.8470,2516.8600,111.0130,4.6143,0.0000,0.0000,0.0000
2408.8020,2503.9140,95.1120,3.9485,0.0070,0.0340,0.0270
2414.3190,2523.5080,109.1890,4.5226,0.0175,0.0544,0.0369
2418.4070,2509.5130,91.1060,3.7672,0.0018,0.0016,-0.0002
2426.5150,2520.1200,93.6050,3.8576,0.0000,0.0000,0.0000
2428.1820,2538.6450,110.4630,4.5492,0.0288,0.1561,0.1273
2432.5570,2525.9040,93.3470,3.8374,0.0046,0.3203,0.3157
2442.1860,2554.7250,112.5390,4.6081,0.0000,0.0000,0.0000
2454.6510,2568.9920,114.3410,4.6581,0.0007,0.0313,0.0306
2458.7750,2561.1370,102.3620,4.1631,0.0078,0.1501,0.1423
2476.1480,2598.9250,122.7770,4.9584,0.0150,0.0451,0.0301
2479.2990,2596.1740,116.8750,4.7140,0.0000,0.0000,0.0000
2489.7780,2602.4210,112.6430,4.5242,0.0334,0.2675,0.2341
2497.1540,2605.9750,108.8210,4.3578,0.3239,0.0822,-0.2418
2497.6590,2612.8250,115.1660,4.6110,0.0386,0.0338,-0.0048
2498.8160,2626.4050,127.5890,5.1060,0.0560,0.0008,-0.0552
2502.5200,2617.6990,115.1790,4.6025,0.0442,0.0020,-0.0422
2505.0780,2626.2180,121.1400,4.8358,0.0982,0.2787,0.1805
2515.1840,2632.1820,116.9980,4.6517,0.0000,0.0000,0.0000
2522.2700,2641.7340,119.4640,4.7364,0.1598,0.0254,-0.1345
2527.8840,2646.0880,118.2040,4.6760,0.0449,0.0410,-0.0039
2537.7640,2651.4640,113.7000,4.4803,0.0907,0.0160,-0.0747
2541.4190,2658.2010,116.7820,4.5951,0.2519,0.5477,0.2958
2554.3850,2668.4670,114.0820,4.4661,0.0000,0.0000,0.0000
2576.5160,2699.2040,122.6880,4.7618,0.3121,0.3036,-0.0085
2594.1550,2718.2110,124.0560,4.7821,0.0192,0.0037,-0.0155
2601.5150,2728.5070,126.9920,4.8815,0.0000,0.0000,0.0000
2605.4240,2726.4740,121.0500,4.6461,0.0039,0.0046,0.0007
2612.5530,2735.2940,122.7410,4.6981,0.0065,0.0425,0.0361
2613.6680,2730.7490,117.0810,4.4796,0.0141,0.0001,-0.0140
2621.7730,2743.9430,122.1700,4.6598,0.2282,0.8985,0.6703
2623.2100,2742.7400,119.5300,4.5566,0.0640,0.2089,0.1449
2629.1180,2747.9170,118.7990,4.5186,0.0000,0.0000,0.0000
2641.3300,2767.4620,126.1320,4.7753,0.0618,0.0211,-0.0407
2643.9930,2779.5170,135.5240,5.1257,0.0946,0.5225,0.4279
2648.3570,2778.0120,129.6550,4.8957,0.0071,0.0627,0.0557
2655.5010,2781.0740,125.5730,4.7288,0.5228,0.3098,-0.2130
2666.1980,2794.3740,128.1760,4.8074,0.0000,0.0000,0.0000
2671.3890,2798.9340,127.5450,4.7745,0.0795,0.5642,0.4847
2681.7880,2819.6110,137.8230,5.1392,0.0099,0.0046,-0.0053
2684.3260,2815.5920,131.2660,4.8901,0.2845,0.1731,-0.1113
2694.0050,2821.7960,127.7910,4.7435,0.0019,0.0766,0.0747
2694.4940,2833.4950,139.0010,5.1587,0.0488,0.0004,-0.0484
2697.6360,2830.3630,132.7270,4.9201,0.0000,0.0000,0.0000
2701.5950,2831.3100,129.7150,4.8014,0.0000,0.0000,0.0000
2706.6670,2835.3980,128.7310,4.7561,0.0105,0.0034,-0.0071
2708.2470,2838.2980,130.0510,4.8020,0.5970,0.2091,-0.3880
2715.3550,2846.7180,131.3630,4.8378,0.2524,0.0745,-0.1780
2721.3260,2852.5250,131.1990,4.8211,0.2416,0.0441,-0.1975
2734.9650,2884.3020,149.3370,5.4603,0.7809,0.2150,-0.5659
2744.1100,2877.6180,133.5080,4.8653,0.2175,3.3477,3.1303
2745.3800,2891.0300,145.6500,5.3053,0.0000,0.0000,0.0000
2752.5710,2891.4050,138.8340,5.0438,0.5547,2.0544,1.4996
2756.8690,2906.5310,149.6620,5.4287,2.6371,1.0054,-1.6318
2758.6920,2911.2030,152.5110,5.5284,5.4168,24.3784,18.9615
2758.8100,2893.9090,135.0990,4.8970,0.0626,0.2115,0.1489
2762.6310,2906.8390,144.2080,5.2200,0.0680,0.2115,0.1435
2764.2720,2894.2680,129.9960,4.7027,0.4588,1.5709,1.1122
2772.5360,2910.0500,137.5140,4.9599,0.0000,0.0000,0.0000
2775.9570,2933.9300,157.9730,5.6908,1.6120,22.8872,21.2752
2776.4770,2910.0030,133.5260,4.8092,0.0000,0.0000,0.0000
2780.3870,2915.6060,135.2190,4.8633,0.1633,0.6206,0.4574
2790.0080,2925.6780,135.6700,4.8627,0.0545,0.0360,-0.0185
2791.8780,2943.4790,151.6010,5.4301,0.0925,17.8450,17.7525
2830.7160,2861.8870,31.1710,1.1012,2.8501,29.7107,26.8606
2840.6930,2832.5450,-8.1480,-0.2868,42.1886,95.2600,53.0713
2845.4360,2861.9870,16.5510,0.5817,1.1006,4.0732,2.9725
2846.1390,2834.5910,-11.5480,-0.4057,17.3025,9.6014,-7.7011
2890.6130,2908.2000,17.5870,0.6084,0.0000,0.0000,0.0000
2898.4370,2919.5370,21.1000,0.7280,85.0772,100.1003,15.0231
2908.4470,2913.6190,5.1720,0.1778,11.0327,4.1193,-6.9134
2913.0660,2937.4760,24.4100,0.8379,66.2378,40.4336,-25.8042
3060.3600,3078.8310,18.4710,0.6036,0.0000,0.0000,0.0000
3064.8430,3067.8810,3.0380,0.0991,0.0139,0.0130,-0.0009
3066.2340,3075.0750,8.8410,0.2883,0.0000,0.0000,0.0000
3069.0870,3075.9640,6.8770,0.2241,0.0017,0.0500,0.0483
3105.9070,3127.5910,21.6840,0.6982,0.0103,0.0531,0.0427
3110.7310,3117.0710,6.3400,0.2038,0.0000,0.0000,0.0000
3111.9640,3119.5850,7.6210,0.2449,0.3662,1.3503,0.9841
3112.0300,3124.1360,12.1060,0.3890,0.0158,0.2851,0.2694
3114.8030,3124.8640,10.0610,0.3230,0.0459,0.3461,0.3001
3117.5860,3128.4280,10.8420,0.3478,0.0953,0.1130,0.0178
3126.0560,3122.9100,-3.1460,-0.1006,0.4673,0.8973,0.4300
3127.4610,3126.1590,-1.3020,-0.0416,0.0000,0.0000,0.0000
3157.7010,3168.7700,11.0690,0.3505,0.4059,0.3385,-0.0674
3163.6410,3178.1180,14.4770,0.4576,0.0595,0.3710,0.3115
3171.3650,3171.3970,0.0320,0.0010,0.0000,0.0000,0.0000
3172.6960,3174.6430,1.9470,0.0614,0.2664,0.2321,-0.0343
3200.1770,3237.1830,37.0060,1.1564,0.0004,0.0180,0.0176
3205.8170,3227.4100,21.5930,0.6736,0.0218,0.1186,0.0968
3207.0470,3234.4000,27.3530,0.8529,0.0128,0.2310,0.2182
3209.2130,3234.6010,25.3880,0.7911,0.0001,0.0655,0.0654
3252.5180,3278.9640,26.4460,0.8131,0.0000,0.0000,0.0000
3258.6910,3288.3410,29.6500,0.9099,0.0048,0.0729,0.0681
3266.4280,3281.8870,15.4590,0.4733,0.4405,0.2423,-0.1982
3267.6760,3285.1170,17.4410,0.5337,0.0182,0.0014,-0.0168
3558.2790,3610.3080,52.0290,1.4622,0.0784,0.8993,0.8209
3565.6300,3602.1020,36.4720,1.0229,0.0000,0.0000,0.0000
3566.1690,3606.8430,40.6740,1.1406,0.2200,0.1948,-0.0252
3566.2090,3608.2910,42.0820,1.1800,0.0021,0.0117,0.0096
3611.5970,3653.0500,41.4530,1.1478,0.1566,0.0139,-0.1426
3617.4670,3662.0720,44.6050,1.2330,0.0026,0.0008,-0.0018
3626.9980,3657.2710,30.2730,0.8347,0.0000,0.0000,0.0000
3628.0900,3660.2790,32.1890,0.8872,0.0042,0.0037,-0.0005
3689.2190,3743.0960,53.8770,1.4604,0.0133,0.2093,0.1959
3694.3690,3732.6450,38.2760,1.0361,0.1514,0.5958,0.4444
3695.5440,3739.5440,44.0000,1.1906,0.0015,0.0009,-0.0007
3698.6250,3740.9290,42.3040,1.1438,0.0095,0.1118,0.1023
3701.0020,3765.3640,64.3620,1.7390,0.0000,0.0000,0.0000
3707.2920,3756.1090,48.8170,1.3168,0.1361,0.4743,0.3382
3708.7690,3763.3400,54.5710,1.4714,0.0000,0.0000,0.0000
3710.2380,3763.2150,52.9770,1.4279,0.2784,1.3391,1.0606
3722.1830,3786.5510,64.3680,1.7293,0.1584,0.4830,0.3247
3727.1450,3776.1480,49.0030,1.3148,0.1093,0.4463,0.3370
3728.6170,3783.3000,54.6830,1.4666,0.0011,0.0217,0.0206
3730.7040,3783.5270,52.8230,1.4159,0.0000,0.0000,0.0000
3741.9420,3784.8790,42.9370,1.1475,0.0000,0.0000,0.0000
3747.9480,3794.1050,46.1570,1.2315,0.0313,0.0231,-0.0082
3753.1520,3807.1290,53.9770,1.4382,0.0180,0.0211,0.0030
3754.5470,3786.5880,32.0410,0.8534,0.0099,0.1964,0.1865
3755.7860,3789.8010,34.0150,0.9057,0.0726,0.2554,0.1828
3759.4670,3816.7580,57.2910,1.5239,0.0129,0.0370,0.0240
3768.3740,3811.3260,42.9520,1.1398,0.0007,0.0007,-0.0000
3769.5810,3814.4730,44.8920,1.1909,0.0000,0.0000,0.0000
3772.9590,3826.9480,53.9890,1.4309,0.0066,0.0191,0.0125
3779.1900,3836.3870,57.1970,1.5135,0.0000,0.0000,0.0000
3787.1950,3830.1540,42.9590,1.1343,0.0480,0.8208,0.7728
3788.3390,3833.2640,44.9250,1.1859,0.0241,0.3848,0.3607
3872.2700,3926.3600,54.0900,1.3969,0.0099,1.1958,1.1859
3878.4650,3916.8010,38.3360,0.9884,0.0598,0.0062,-0.0536
3879.4830,3923.6300,44.1470,1.1380,0.0738,0.0008,-0.0730
3881.3310,3924.0650,42.7340,1.1010,0.0000,0.0000,0.0000
3925.8310,3968.8030,42.9720,1.0946,0.0398,0.0060,-0.0338
3931.7140,3977.8830,46.1690,1.1743,0.0000,0.0000,0.0000
3939.7540,3971.9420,32.1880,0.8170,0.0212,0.0213,0.0001
3940.9140,3975.0540,34.1400,0.8663,0.0007,0.3813,0.3806
3943.8240,4019.6800,75.8560,1.9234,0.0009,0.0003,-0.0006
3949.0010,4009.1760,60.1750,1.5238,0.1391,0.0730,-0.0661
3950.5760,4016.5740,65.9980,1.6706,0.6728,0.8330,0.1603
3953.1230,4017.4640,64.3410,1.6276,0.0313,0.0187,-0.0126
3968.3090,4048.1250,79.8160,2.0113,0.0155,0.0076,-0.0079
3974.9870,4039.1240,64.1370,1.6135,0.0000,0.0000,0.0000
3976.3040,4046.1600,69.8560,1.7568,1.0273,0.9079,-0.1194
3978.8910,4047.9700,69.0790,1.7361,0.0331,0.0000,-0.0331
3994.6780,4059.9030,65.2250,1.6328,0.0000,0.0000,0.0000
4000.7710,4069.4320,68.6610,1.7162,0.1635,0.4379,0.2743
4010.2120,4064.6090,54.3970,1.3565,0.3116,0.1773,-0.1344
4011.4030,4067.7400,56.3370,1.4044,0.0122,0.1036,0.0914
4021.0100,4090.5240,69.5140,1.7288,0.0154,0.0241,0.0086
4026.9090,4099.6950,72.7860,1.8075,0.2933,0.1078,-0.1855
4036.5310,4095.0240,58.4930,1.4491,0.0000,0.0000,0.0000
4037.6370,4098.0480,60.4110,1.4962,0.1252,0.2825,0.1572
4064.6520,4144.6580,80.0060,1.9683,0.0000,0.0000,0.0000
4074.7060,4143.9720,69.2660,1.6999,0.0000,0.0000,0.0000
4075.0590,4139.1100,64.0510,1.5718,0.2647,0.2239,-0.0408
4075.8880,4144.6640,68.7760,1.6874,0.0418,2.1859,2.1440
4116.5360,4205.9610,89.4250,2.1723,0.1116,0.0024,-0.1093
4117.7030,4190.2960,72.5930,1.7629,0.3310,0.0170,-0.3140
4118.1320,4194.8280,76.6960,1.8624,0.0000,0.0000,0.0000
4121.8060,4191.0130,69.2070,1.6790,0.1672,0.0664,-0.1007
4121.9010,4201.1940,79.2930,1.9237,0.0053,2.2045,2.1991
4127.1240,4199.0010,71.8770,1.7416,0.0095,0.6975,0.6880
4136.5670,4194.7730,58.2060,1.4071,0.0384,0.1259,0.0875
4137.6230,4197.6670,60.0440,1.4512,0.0000,0.0000,0.0000
4157.1900,4247.0430,89.8530,2.1614,0.0005,0.5037,0.5032
4160.3030,4241.4480,81.1450,1.9505,0.4834,0.0774,-0.4060
4160.6560,4239.3160,78.6600,1.8906,0.0000,0.0000,0.0000
4160.7040,4237.3760,76.6720,1.8428,0.0083,0.0197,0.0114
4162.6540,4240.7820,78.1280,1.8769,0.5015,0.1906,-0.3109
4163.6370,4256.5160,92.8790,2.2307,0.1305,0.0165,-0.1140
4168.8590,4250.0220,81.1630,1.9469,0.0000,0.0000,0.0000
4170.8500,4251.3200,80.4700,1.9293,0.1861,0.0602,-0.1258
4173.6480,4251.4800,77.8320,1.8648,0.3537,1.6186,1.2650
4173.9440,4256.8060,82.8620,1.9852,0.0202,0.0028,-0.0175
4176.8590,4243.9390,67.0800,1.6060,0.1378,0.0000,-0.1378
4177.9760,4247.1200,69.1440,1.6550,0.0040,0.0030,-0.0010
4201.4830,4281.1070,79.6240,1.8951,0.0605,0.1865,0.1260
4204.6860,4300.6550,95.9690,2.2824,0.1145,0.1006,-0.0139
4207.0650,4289.7720,82.7070,1.9659,0.0000,0.0000,0.0000
4207.4430,4318.8360,111.3930,2.6475,0.0752,0.4090,0.3338
4211.8770,4293.3420,81.4650,1.9342,0.0000,0.0000,0.0000
4211.9500,4311.1990,99.2490,2.3564,0.0000,0.0000,0.0000
4213.6980,4304.8140,91.1160,2.1624,0.0264,0.0154,-0.0110
4214.1880,4283.1790,68.9910,1.6371,0.0928,0.3963,0.3035
4214.8570,4285.6740,70.8170,1.6802,0.1817,0.0611,-0.1206
4216.6120,4303.0240,86.4120,2.0493,0.2368,0.1755,-0.0613
4217.4040,4292.9180,75.5140,1.7905,0.2850,0.0261,-0.2588
4218.1400,4302.9780,84.8380,2.0113,0.1280,0.1126,-0.0154
4218.3760,4309.9790,91.6030,2.1715,0.0000,0.0000,0.0000
4221.0250,4308.2320,87.2070,2.0660,0.0006,0.1483,0.1477
4224.2880,4320.6030,96.3150,2.2800,0.0019,0.2828,0.2810
4226.3290,4296.8350,70.5060,1.6683,0.0995,0.0058,-0.0937
4227.7920,4300.3260,72.5340,1.7156,0.1435,0.0878,-0.0557
4228.8510,4303.5620,74.7110,1.7667,0.1420,0.0405,-0.1015
4229.7030,4317.0470,87.3440,2.0650,0.0079,0.0276,0.0197
4229.9190,4328.7630,98.8440,2.3368,0.0766,0.0668,-0.0098
4231.1070,4313.7100,82.6030,1.9523,0.0000,0.0000,0.0000
4234.9970,4309.0160,74.0190,1.7478,0.0000,0.0000,0.0000
4237.0280,4329.8560,92.8280,2.1909,0.0562,0.0010,-0.0552
4238.9430,4325.0480,86.1050,2.0313,0.0526,0.0094,-0.0431
4240.4750,4325.1280,84.6530,1.9963,0.2153,0.3056,0.0903
4241.0790,4327.0690,85.9900,2.0276,0.2204,0.2769,0.0565
4242.8490,4318.1470,75.2980,1.7747,0.0388,0.2746,0.2359
4244.8050,4323.2200,78.4150,1.8473,0.0013,0.2824,0.2811
4257.6450,4351.5060,93.8610,2.2045,0.0000,0.0000,0.0000
4260.5520,4349.8410,89.2890,2.0957,0.1938,0.0141,-0.1797
4262.0900,4358.8610,96.7710,2.2705,0.0715,0.0923,0.0208
4266.7490,4359.2280,92.4790,2.1674,0.0015,0.5833,0.5818
4266.8250,4351.3130,84.4880,1.9801,0.1082,0.1063,-0.0019
4270.9780,4349.3660,78.3880,1.8354,0.0856,0.1245,0.0389
4272.1030,4352.3770,80.2740,1.8790,0.0000,0.0000,0.0000
4273.6410,4361.8270,88.1860,2.0635,0.0000,0.0000,0.0000
4274.2860,4357.0820,82.7960,1.9371,0.0734,0.4583,0.3849
4275.4970,4360.3970,84.9000,1.9857,0.0104,0.1950,0.1846
4277.9870,4365.8160,87.8290,2.0530,0.0029,0.8020,0.7991
4283.4200,4370.7630,87.3430,2.0391,0.0000,0.0000,0.0000
4284.4030,4375.6430,91.2400,2.1296,0.0610,0.0068,-0.0542
4286.2490,4359.5900,73.3410,1.7111,0.0234,0.1131,0.0897
4287.2970,4362.6130,75.3160,1.7567,0.1648,0.5600,0.3953
4288.6450,4365.4760,76.8310,1.7915,0.0000,0.0000,0.0000
4289.6300,4379.6730,90.0430,2.0991,0.0287,0.0151,-0.0136
4289.7840,4368.6500,78.8660,1.8385,0.0564,0.0244,-0.0320
4300.6570,4376.7570,76.1000,1.7695,0.0950,0.4362,0.3412
4302.0270,4380.2140,78.1870,1.8174,0.0293,0.0193,-0.0099
5586.9540,5596.5390,9.5850,0.1716,0.2352,0.7787,0.5435
5600.5110,5623.6230,23.1120,0.4127,0.1496,0.3395,0.1900
5651.6260,5678.2060,26.5800,0.4703,0.1026,3.1990,3.0963
5658.0540,5670.9590,12.9050,0.2281,0.4703,0.5388,0.0684
5661.9820,5681.1010,19.1190,0.3377,0.0335,8.9537,8.9201
5662.0250,5681.3670,19.3420,0.3416,0.0230,1.1337,1.1107
5670.5550,5701.4080,30.8530,0.5441,0.0003,4.7633,4.7630
5684.3300,5731.2390,46.9090,0.8252,0.0757,0.6053,0.5296
5685.6180,5707.5100,21.8920,0.3850,0.0000,0.0000,0.0000
5689.9530,5697.8910,7.9380,0.1395,0.2572,0.4069,0.1498
5690.8330,5724.2420,33.4090,0.5871,0.0080,0.1826,0.1745
5701.5010,5720.9110,19.4100,0.3404,0.0000,0.0000,0.0000
5706.6060,5733.6520,27.0460,0.4739,0.0000,0.0000,0.0000
5708.5800,5764.0290,55.4490,0.9713,0.1506,0.4131,0.2625
5711.0400,5738.2450,27.2050,0.4764,0.0805,0.3370,0.2566
5711.8800,5738.7030,26.8230,0.4696,0.0152,0.0068,-0.0084
5713.2150,5746.5060,33.2910,0.5827,0.0000,0.0000,0.0000
5715.8640,5718.3850,2.5210,0.0441,0.1355,0.0702,-0.0653
5717.4150,5722.4920,5.0770,0.0888,0.0401,0.4178,0.3777
5721.5530,5735.4600,13.9070,0.2431,0.2591,0.5836,0.3245
5722.9770,5732.3750,9.3980,0.1642,0.0906,0.4523,0.3617
5724.0380,5735.1820,11.1440,0.1947,0.0797,0.0122,-0.0675
5726.3500,5752.2480,25.8980,0.4523,0.0224,0.2827,0.2603
5728.7120,5753.2720,24.5600,0.4287,0.0095,0.1159,0.1064
5734.0370,5713.6530,-20.3840,-0.3555,0.5782,2.9659,2.3876
5737.4890,5768.8260,31.3370,0.5462,0.0136,0.0100,-0.0036
5737.8240,5769.4370,31.6130,0.5510,0.0032,0.0803,0.0771
5750.3810,5701.2000,-49.1810,-0.8553,0.4041,0.3765,-0.0276
5751.4790,5773.4040,21.9250,0.3812,0.0000,0.0000,0.0000
5751.5180,5773.1840,21.6660,0.3767,0.0556,0.0500,-0.0056
5779.9610,5800.3830,20.4220,0.3533,0.2056,0.1568,-0.0488
5781.0250,5803.0580,22.0330,0.3811,0.0000,0.0000,0.0000
5788.0690,5813.9980,25.9290,0.4480,0.0000,0.0000,0.0000
5788.9030,5828.5070,39.6040,0.6841,0.0004,0.0000,-0.0004
5789.0860,5816.0440,26.9580,0.4657,0.1358,0.0887,-0.0471
5811.8910,5827.4750,15.5840,0.2681,0.0010,0.0053,0.0044
